Actual Value,Predicted Value,Absolute Error
219.0,139.54755840379613,79.45244159620387
70.0,179.51720835342775,109.51720835342775
202.0,134.03875571890123,67.96124428109877
230.0,291.4170292522081,61.417029252208124
111.0,123.78965872239613,12.789658722396126
84.0,92.17234650105053,8.172346501050527
242.0,258.23238898921295,16.23238898921295
272.0,181.33732057060732,90.66267942939268
94.0,90.22411310941467,3.7758868905853262
96.0,108.63375858007939,12.633758580079387
94.0,94.13865743638863,0.13865743638862682
252.0,168.43486357975473,83.56513642024527
99.0,53.50478879609558,45.49521120390442
297.0,206.63081659296418,90.36918340703582
135.0,100.12925868961602,34.87074131038398
67.0,130.66657085052705,63.66657085052705
295.0,219.5307149918257,75.4692850081743
264.0,250.7803234033335,13.219676596666488
170.0,196.3688346018638,26.368834601863796
275.0,218.57511814821783,56.424881851782175
310.0,207.35050181974748,102.64949818025252
64.0,88.48340941420331,24.483409414203308
128.0,70.43285917378935,57.56714082621065
232.0,188.95914235039007,43.04085764960993
129.0,154.88681619689794,25.88681619689794
118.0,159.361701217919,41.361701217919006
263.0,188.3126336269756,74.68736637302439
77.0,180.39094032857125,103.39094032857125
48.0,47.990465608700234,0.009534391299766298
107.0,108.97453871427219,1.9745387142721853
140.0,174.7789763289737,34.7789763289737
113.0,86.36406655640147,26.63593344359853
90.0,132.95761214676355,42.95761214676355
164.0,184.53819482628637,20.53819482628637
180.0,173.83220911339015,6.1677908866098505
233.0,190.3585849191562,42.641415080843814
42.0,124.41561760139219,82.41561760139219
84.0,119.65110656071293,35.65110656071293
172.0,147.95168682418486,24.04831317581514
63.0,59.054052414728204,3.945947585271796
48.0,71.62331856151582,23.623318561515816
108.0,107.68284703885516,0.31715296114484204
156.0,165.4536545804207,9.453654580420704
168.0,155.00975931051343,12.99024068948657
90.0,171.04799095638177,81.04799095638177
52.0,61.457613561018036,9.457613561018036
200.0,71.66672580728223,128.33327419271777
87.0,114.96732205941944,27.967322059419445
90.0,51.5797552304239,38.4202447695761
258.0,167.57599528011522,90.42400471988478
136.0,152.5229195483001,16.52291954830011
158.0,62.9556851522527,95.0443148477473
69.0,103.4974172226471,34.4974172226471
72.0,109.20751488540834,37.207514885408344
171.0,175.6411842576668,4.641184257666794
95.0,154.60296241811304,59.60296241811304
72.0,94.4170436571589,22.4170436571589
151.0,210.74209144739234,59.74209144739234
168.0,120.25662049594239,47.743379504057614
60.0,77.61585398627135,17.615853986271347
122.0,187.93203995287394,65.93203995287394
52.0,206.49337473788214,154.49337473788214
187.0,140.63167075673582,46.368329243264185
102.0,105.59678022893412,3.596780228934122
214.0,130.70432535999666,83.29567464000334
248.0,202.1853453667185,45.81465463328149
181.0,171.13039500812144,9.86960499187856
110.0,164.91423047268825,54.914230472688246
140.0,124.72472568780734,15.275274312192664
202.0,144.8103089411726,57.18969105882741
101.0,181.9963545190764,80.99635451907639
222.0,199.41369641711742,22.58630358288258
281.0,234.21436187590174,46.785638124098256
61.0,145.95665512205622,84.95665512205622
89.0,79.86703276235613,9.132967237643868
91.0,157.36941274964428,66.36941274964428
186.0,192.74412541087818,6.744125410878183
220.0,208.8981403162962,11.101859683703793
237.0,158.58722554944777,78.41277445055223
233.0,206.02195855372938,26.978041446270623
68.0,107.47971674613471,39.47971674613471
190.0,140.9359890641705,49.06401093582949
96.0,54.82129331926066,41.17870668073934
72.0,55.92573194711974,16.074268052880257
153.0,115.01180017858908,37.988199821410916
98.0,78.95584187520676,19.044158124793242
37.0,81.56087284620628,44.56087284620628
63.0,54.37997255644879,8.620027443551209
184.0,166.25435180326866,17.745648196731338
