,Correlation_with_Target,Regression_Coefficient,Absolute_Coefficient
s1,0.21202248101455062,-931.4888458835162,931.4888458835162
s5,0.5658825924427435,736.1988589046837,736.1988589046837
bmi,0.5864501344746885,542.4287585162901,542.4287585162901
s2,0.1740535869687425,518.0622769833376,518.0622769833376
bp,0.44148175856257105,347.7038439138558,347.7038439138558
s4,0.43045288474477283,275.31790157864896,275.31790157864896
sex,0.043061998451605396,-241.96436231273975,241.96436231273975
s3,-0.39478925067091836,163.41998299131149,163.41998299131149
s6,0.3824834842485807,48.67065743196488,48.67065743196488
age,0.1878887507189197,37.904021350075034,37.904021350075034
